{
	"id": "7c51a023-7178-4475-a0b4-df1897d386f6",
	"name": "PROD",
	"values": [
		{
			"key": "TestEnv",
			"value": "",
			"enabled": true
		},
		{
			"key": "restfulBookerURL",
			"value": "https://restful-booker.herokuapp.com",
			"enabled": true
		},
		{
			"key": "regioToLocationId",
			"value": "10202052",
			"enabled": true
		},
		{
			"key": "fromLocationId",
			"value": "17554000",
			"enabled": true
		}
	],
	"_postman_variable_scope": "environment",
	"_postman_exported_at": "2021-11-09T12:36:05.123Z",
	"_postman_exported_using": "Postman/9.0.9"
}